Titre_Simplifie;Entreprise;Ville;Departement;Contrat;Salaire_Annuel
Accompagnant éducatif et social;ARI - Association régionale pour l'intégration;Marseille;13;CDI;30150.0
Account manager service ventes;Style Network International;Marseille;13;CDI;30000.0
Acheteur d'équipements;Job Busters;Nancy;54;CDI;42000.0
Acheteur direct junior;MEOGROUP;Annonay;7;CDI;
Acheteur it public;EPSA;Paris;75;CDI;
Acheteur non alimentaire marques nationales;Procemo;Vitry-sur-Seine;94;CDI;
Acheteur software;EPSA;Paris;75;CDI;
Adjoint responsable d'affaires electricité tertiaire;VINCI Energies France Tertiaire Nord Est;Nancy;54;CDI;42000.0
Administrateur infrastructure local et support de proximité informatique;Radiall;Saint-Quentin-Fallavier;38;CDI;
Administrateur systèmes & réseaux;Azureva;Bourg-en-Bresse;1;CDI;42000.0
Affréteur;TMF Operating;Limay;78;CDI;
Agent agente d'entretien et de propreté lormont;Wilau Propreté;Lormont;33;CDI;69161.52
Agent de jardinage;APEF;Avranches;50;CDI;
Agent de maintenance;Biscotte Pasquier Saint Herblain;Saint-Herblain;44;CDI;
Agent de maintenance des systèmes de ventilation;SDI Ventilation;Roquebrune-sur-Argens;83;CDI;30000.0
Agent de nettoyage polyvalent multi sites;BPLUS;Carhaix-Plouguer - Quimper;29;CDI;24900.0
Agent de planning;Mediaco;Le Pontet;84;CDI;
Agent de propreté;ABER Propreté;Brest;29;CDI;69161.52
Agent de propreté;ABER Propreté;Lanuéjols;30;CDI;23660.52
Agent de propreté;Onet Propreté et Services;Carnac;56;CDI;
Agent de propreté;Onet Propreté et Services;Sautron;44;CDI;
Agent de propreté haute goulaine;ABER Propreté;Haute-Goulaine;44;CDI;69161.52
Agent de puériculture;People&Baby;Valence;26;CDI;
Agent de puériculture volante;People&Baby;Champs-sur-Marne;77;CDI;
Agent de quai;Dachser France;Fontanil-Cornillon;38;CDI;
Agent de sécurité boutique de luxe tps partiel;Groupe Buckler Security;Nice;6;CDI;
Agent de sécurité incendie ssiap 1 centre commercial;Samsic Facility;Noisy-le-Grand;93;CDI;23592.0
Agent de silo beille;Agrial;Beillé;72;CDI;
Agent d'entretien;AMS - Agence Multi Services;Munchhouse;68;CDI;69161.52
Agent d'entretien;Aprolliance;Segré-en-Anjou Bleu;49;CDI;69161.52
Agent d'entretien des espaces naturels;Eau de Paris;La Grande-Paroisse;77;CDI;
Agent d'intervention en assainissement démantèlement;Orano;Saint-Paul-lès-Durance;13;CDI;
Agent qualifié d'unité de valorisation énergétique;Veolia;Cenon;33;CDI;
Agent technico commercial deviseur activité menuiserie;Denis Materiaux;Le Breuil-en-Bessin;14;CDI;
Agents immobiliers expérimentés;Casavo;Ouistreham;14;CDI;50000.0
Agents immobiliers expérimentés;Casavo;Trouville-sur-Mer;14;CDI;80000.0
Aide comptable;Mr Bricolage;Saint-Paul;974;CDI;25800.0
Aide ménagère;ADHAP;Vannes;56;CDI;65521.44
Aide ménagère;Maison et Services;Vitré;35;CDI;160163.52
Aide ménagère;O2;Saint-Georges-sur-Loire;49;CDI;
Aide ménagère;Merci Plus Nice;Levens;6;CDI;27300.6
Aide ménagère;APEF;Ifs;14;CDI;160163.52
Aide ménagère;O2;Brissac Loire Aubance;49;CDI;160163.52
Aide ménagère;O2;Saint-Georges-sur-Loire;49;CDI;160163.52
Aide ménagère;Essentiel & Domicile;Chassieu - Genas;69;CDI;22848.0
Aide ménagère;VIVRE ADOM;La Roche-sur-Yon;85;CDI;14560.32
Aide ménagère;O2;Marcq-en-Barœul;59;CDI;
Aide ménagère;O2;Ambérieu-en-Bugey;1;CDI;91002.0
Aide ménagère;O2;Meximieux;1;CDI;91002.0
Aide soignant;COALLIA;Soissons;2;CDI;
Aide soignant;Adapeila;Bouguenais;44;CDI;30864.0
Analyste bi senior;CPM France;Neuilly-sur-Seine;92;CDI;46000.0
Animateur formateur référent travail en boite à gants;Orano;Chusclan;30;CDI;
Animateur hse;Exoceth Consulting;Limoges;87;CDI;30000.0
Animateur·rice qualité sécurité environnement qse secteur ferroviaire;La Pyrénéenne;Mitry-Mory;77;CDI;35000.0
Approvisionneur;Safran;Colomiers;31;CDI;
As aes de nuit mas fam les lucines;Adapeila;Montbert;44;CDI;
Assistant administratif;VINCI Energies France Tertiaire Nord Est;Outreau;62;CDI;34000.0
Assistant administratif;DIOT-SIACI;Strasbourg;67;CDI;32000.0
Assistant administration des ventes;adista;Saint-Étienne;42;CDI;
Assistant commercial facturation;Saint Yves Services;Saint-Thurial;35;CDI;27300.6
Assistant commercial facturation;Acces Industrie;Tonneins;47;CDI;29400.0
Assistant commercial facturation;Brioche et Viennoiserie Thomas;Essarts en Bocage;85;CDI;35000.0
Assistant comptable administratif;Koryo;Strasbourg;67;CDI;
Assistant de la propreté à dozulé;La compagnie des Lavandières;Dozulé;14;CDI;
Assistant de la propreté à ouistreham;La compagnie des Lavandières;Ouistreham;14;CDI;
Assistant de vie;ADHAP;Bourgoin-Jallieu;38;CDI;85541.88
Assistant de vie;VIVRE ADOM;Ernée;53;CDI;127402.8
Assistant de vie;VIVRE ADOM;La Bazoge;72;CDI;45501.0
Assistant de vie auxiliaire de vie;VIVRE ADOM;Isère;38;CDI;78261.72
Assistant dentaire qualifié;CLINADENT;Marseille;13;CDI;29000.0
Assistant marketplaces data & flux produits;Style Network International;Marseille;13;CDI;28000.0
Assistant ménager;Maison et Services;Voiron;38;CDI;
Assistant ménager;Maison et Services;Sarthe;72;CDI;
Assistant ménager;Maison et Services;Libourne;33;CDI;
Assistant ménager;O2;Vertou;44;CDI;94642.08
Assistant ménager;Maison et Services;Châteaubourg;35;CDI;160163.52
Assistant ménager;APEF;La Chapelle-sur-Erdre;44;CDI;109202.4
Assistant ménager;Maison et Services;Châteaugiron;35;CDI;160163.52
Assistant ménager;Maison et Services;Piré-Chancé;35;CDI;160163.52
Assistant ménager;Maison et Services;Thorigné-Fouillard;35;CDI;160163.52
Assistant social;MGEN;Neuilly-sur-Seine;92;CDI;
Assistant travaux;SPIE BATIGNOLLES;Aix-en-Provence;13;CDI;
Attache clientele;Nexecur;Mouilleron-le-Captif;85;CDI;27000.0
Auditeur interne confirmé;Loxam;Puteaux;92;CDI;
Auditeur senior;Hireos;Oullins;69;CDI;50000.0
Automaticien;NGEN;Nord;59;CDI;33500.0
Automaticien;Dalkia;Bordeaux;33;CDI;
Automaticien;Vinci Energies France Industrie Normandie IDF;Nassandres sur Risle;27;CDI;49000.0
Automaticien;SPIE Industrie;Cléon;76;CDI;36500.0
Automaticien;Hydrostadium;Limoges;87;CDI;40000.0
Auxiliaire de puericulture;People&Baby;Marseille;13;CDI;
Auxiliaire de vie;Essentiel & Domicile;Le Bouscat;33;CDI;91002.0
Auxiliaire de vie;Ages & Vie;Valleroy;54;CDI;
Auxiliaire de vie;ADHAP;Clermont-Ferrand;63;CDI;40040.88
Auxiliaire de vie;Générale des Services;Sainte-Consorce;69;CDI;26400.0
Auxiliaire de vie;O2;Saint-Avé;56;CDI;178363.92
Auxiliaire de vie;O2;Lunéville;54;CDI;
Auxiliaire de vie;O2;Haubourdin;59;CDI;85541.88
Auxiliaire de vie;O2;Brumath;67;CDI;85541.88
Auxiliaire de vie;O2;La Tour-du-Crieu;9;CDI;
Auxiliaire de vie;France Présence;Talence;33;CDI;154703.4
Auxiliaire de vie;France Présence;Talence;33;CDI;154703.4
Auxiliaire de vie;France Présence;Cenon;33;CDI;154703.4
Auxiliaire petite enfance;People&Baby;Bordeaux;33;CDI;
Avocat fusions acquisitions collaborateur junior rennes;Artesens;Rennes;35;CDI;49000.0
Barman semaine;Groupe Beaumarly;Paris;75;CDI;
Biologiste médical cholet;Eurofins Biologie Medicale;Cholet;49;CDI;
Boucher en stand;Auchan Retail France;Semécourt;57;CDI;27010.0
Business developer ;EPSA;Toulouse;31;CDI;40000.0
Business developer ;Agence Formatio;Marseille;13;CDI;100800.0
Cadre commercial;Veolia;Aubervilliers;93;CDI;
Carrossier;Volkswagen;Saint-Étienne;42;CDI;
Chargé adv logiciel paie & sirh;Nibelis;Levallois-Perret;92;CDI;39000.0
Chargé assurance crédit et facturation;RÉSEAU TALENTS;Reims;51;CDI;28000.0
Chargé d'accueil secrétaire médical clinadent paris loure;CLINADENT;Paris;75;CDI;26400.0
Charge d'affaires;Saint Yves Services;Saint-Brieuc;22;CDI;34800.0
Chargé d'affaires;Les Zelles;Strasbourg;67;CDI;
Chargé d'affaires;Groupe OSMAIA;Moissy-Cramayel;77;CDI;
Chargé d'affaires;Sofrat;Noisy-le-Grand;93;CDI;50000.0
Chargé d'affaires;EPSA Innovation;Toulouse;31;CDI;45000.0
Chargé d'affaires;Socotec;Puteaux;92;CDI;
Chargé d'affaires;Socotec;Clermont-Ferrand;63;CDI;45000.0
Chargé d'affaires;Arkea Banque Entreprises et Institutionnels;Angoulême;16;CDI;
Chargé d'affaires;Otteo;Lille;59;CDI;
Chargé d'affaires;Vertical RH;Les Herbiers;85;CDI;42000.0
Chargé d'affaires;Socotec;Poitiers;86;CDI;
Chargé d'affaires;ACEPP;Pierrelatte;26;CDI;
Chargé d'affaires;Atlantique Automatismes Incendie;Saint-Jean-de-la-Ruelle;45;CDI;
Chargé d'assistance trilingue;Jobmania;Paris;75;CDI;27500.0
Chargé de communication;Aftral;Dijon;21;CDI;27300.0
Chargé de développement social et urbain;Côte d'Azur Habitat;Nice;6;CDI;33000.0
Chargé de gestion des contrats clients;Docaposte;Paris;75;CDI;
Chargé de gestion locative;Alliade Habitat;Lyon;69;CDI;22488.0
Chargé de marketing & partenariats;TYLS Conseil;Laval;53;CDI;
Chargé de missions rh;Samsic Indoors;Oullins;69;CDI;26400.0
Chargé de projets amiante;ESSET PM;Caluire-et-Cuire;69;CDI;
Chargé de réalisation chantier ascensoriste;NSA;Paris;Créteil;CDI;
Chargé de recrutement;Start People, rejoignez-nous;Lens;62;CDI;26000.0
Chargé de support gta;Nibelis;Levallois-Perret;92;CDI;
Chargé de surveillance conservation nucléaire;Assystem;Cherbourg-en-Cotentin;50;CDI;
Chargé d'études en électricité;DEF;Massy;91;CDI;27600.0
Chargé d'études en incendie;Chubb;Villeneuve-la-Garenne;92;CDI;39000.0
Chargé d'études et d'expertises mesures nucléaires;Orano;La Hague;50;CDI;
Chargé d'expertise technique machines;Socotec;Nevers;58;CDI;45000.0
Chargé gestion et de planification de production;Brioche Pasquier Etoile;Étoile-sur-Rhône;26;CDI;
Chargée d'affaires génie civil travaux préparatoires nouveau nucléaire;Socotec;Gravelines;59;CDI;50000.0
Chaudronnier itinérant;Paprec;Dijon;21;CDI;
Chauffagiste tuyauteur polyvalent;SPIE BATIGNOLLES;Besançon;25;CDI;
Chauffeur ;Aftral;Toulouse;31;CDI;32000.0
Chauffeur ;SARP;La Ciotat;13;CDI;26000.0
Chauffeur ;SARP;Lunel;34;CDI;25400.0
Chauffeur ;SARP;Marseille;13;CDI;26000.0
Chauffeur ;Cerise et Potiron;Corbas;69;CDI;23660.52
Chauffeur ;Terreazur - Groupe Pomona;Plérin;22;CDI;
Chauffeur ;Sunclear;Tourcoing;59;CDI;25200.0
Chauffeur ;Envoyé Spécial;Fretin;59;CDI;69161.52
Chauffeur ;Mauffrey;Troyes;10;CDI;
Chauffeur ;Mauffrey;Blaringhem;59;CDI;
Chauffeur ;Mauffrey;Châtellerault;86;CDI;
Chauffeur ;Mauffrey;Semoutiers-Montsaon;52;CDI;
Chauffeur ;Transports Rapides J Besson;Toulouse;31;CDI;
Chef d'application enrobés;SPIE BATIGNOLLES;Corneville-sur-Risle;27;CDI;
Chef d'atelier;Orano;La Hague;50;CDI;
Chef d'atelier;Ramery;Nieppe;59;CDI;
Chef de chantier ;Vinci Energies France Tertiaire Grand Ouest;Auray;56;CDI;34000.0
Chef de chantier ;SPIE Nucléaire;Centre-Val de Loire;France;CDI;40000.0
Chef de chantier ;Vinci Energies France Industrie Auvergne;Cournon-d'Auvergne;63;CDI;34000.0
Chef de chantier ;SPIE Nucléaire;Civaux;86;CDI;
Chef de chantier ;SPIE Nucléaire;Centre-Val de Loire;France;CDI;
Chef de chantier ;SPIE Industrie;Holtzheim;67;CDI;
Chef de chantier ;Groupe OSMAIA;Moissy-Cramayel;77;CDI;
Chef de chantier ;SPIE BATIGNOLLES;Meyreuil;13;CDI;
Chef de chantier ;EUROVIA Délégation Centre-Ouest;Brest;29;CDI;
Chef de cuisine;Sodexo;Onnaing;59;CDI;34800.0
Chef de cuisine;COTE SUSHI;Angers;49;CDI;
Chef de cuisine;Vitalrest;Pau;64;CDI;
Chef de mission comptable;Exco;Marseille;13;CDI;
Chef de mission comptable;PKF Arsilon;Saint-Quentin;2;CDI;55000.0
Chef de projet;Société Dauphinoise pour l'Habitat;Échirolles;38;CDI;44000.0
Chef de projet;Foselev;Vénissieux;69;CDI;
Chef de projet;KARDHAM;Paris;75;CDI;
Chef de projet;Riversen;Lyon;69;CDI;
Chef de projet;Boccard;Dunkerque;59;CDI;
Chef de projet;Groupe Technic-Assistance;Hauts-de-France;France;CDI;50000.0
Chef de rang;Elior Restauration;Paris;75;CDI;26580.0
Chef de secteur;3F;Rosny-sous-Bois;93;CDI;45000.0
Chef de secteur;Les Grands Chais de France;Toulouse;31;CDI;
Chef de secteur;Relais d'Or - Groupe Pomona;La Rochelle;17;CDI;
Chef d'équipe;JH Industries;Pontivy;56;CDI;36000.0
Chef d'équipe;Feu vert;Avignon;84;CDI;
Chef d'équipe;Feu Vert;Royan;17;CDI;33600.0
Chef d'équipe;Provence Bio;Signes;83;CDI;34580.76
Chef d'équipe;CEME Guerin;La Mézière;35;CDI;
Chef d'équipe;Elivia;Villers-Bocage;14;CDI;
Chef d'équipe;SPIE CityNetworks;Holtzheim;67;CDI;
Chef d'équipe;Dalkia Froid Solutions;Brest;29;CDI;
Chef d'équipe;Würth France;Erstein;67;CDI;
Chef d'équipe;Dispam;Le Pontet;84;CDI;28800.0
Chef d'équipe;RÉSEAU TALENTS;Tarbes;65;CDI;34000.0
Chef d'équipe;Nantes Métropole;Nantes;44;CDI;
Chef d'équipe;Sogetrel;Martillac;33;CDI;
Chef d'équipe;Espace Clôture;Lisieux;14;CDI;
Chef d'équipe;Espace Clôture;Vallet;44;CDI;
Chef d'équipe;Anett;Thouars;79;CDI;
Chef d'équipe;SPIE CityNetworks;Alès;30;CDI;28000.0
Chef electricien;SPIE BATIGNOLLES;La Bâthie;73;CDI;
Chef gérant;Vitalrest;Eysines;33;CDI;33420.0
Chef gérant;1001 repas;Clermont-Ferrand;63;CDI;
Chef production boulanger;Boulangerie  Ange;Villefranche-sur-Saône;69;CDI;
Chef.fe d'équipe chantier;Groupe Fauché;Marseille;13;CDI;
Chef.fe des ventes;Darty;Cherbourg-en-Cotentin;50;CDI;
Chiffreur cfo cfa;SNEF;Marseille;13;CDI;
Chirurgien dentiste;CLINADENT;Nîmes;30;CDI;144000.0
Coiffeur conseiller de vente;Happy Curl - La Boutique du Coiffeur;Tremblay-en-France;93;CDI;28560.0
Collaborateur comptable;Orcom;Agen;47;CDI;
Collaborateur comptable;CERFRANCE DES SAVOIE;Auvergne-Rhône-Alpes;France;CDI;
Collaborateur comptable junior;CERFRANCE DES SAVOIE;Thonon-les-Bains;74;CDI;
Collaborateur comptable referent digital;CERFRANCE DES SAVOIE;Annecy;74;CDI;
Commercial;Colorz;Paris;75;CDI;45000.0
Commercial;Arkéa Financements & Services;Auvergne-Rhône-Alpes;France;CDI;
Commercial b to b bâtiment;Förch;Melun;77;CDI;42000.0
Commercial btob;Chubb;Boves;80;CDI;
Commercial chr paris;Relais d'Or - Groupe Pomona;Paris;75;CDI;
Commercial de terrain neuf et rénovation;Ouverture's;Six-Fours-les-Plages;83;CDI;
Commercial en recrutement;Casavo;Paris;75;CDI;60000.0
Commercial itinérant;AURA;Angoulême;16;CDI;
Commercial itinérant;Ody-C;Orléans;45;CDI;
Commercial régions;Brink's;France;France;CDI;
Commercial sédentaire télévendeur;Brioche et Viennoiserie Thomas;Essarts en Bocage;85;CDI;35000.0
Commercial terrain;Rhéobie;Ambérieu-en-Bugey;1;CDI;80000.0
Commercial terrain btob à ajaccio corse du sud 2a;Local.fr;Ajaccio;2A;CDI;82000.0
Commercial tn seclin;Atlantique Automatismes Incendie;Seclin;59;CDI;
Commercial travaux neufs;DEF;Mérignac;33;CDI;55000.0
Comptable clients;Villa Beausoleil;Provins;77;CDI;35000.0
Comptable clients credit manager en;Subrenat;Mouvaux;59;CDI;30000.0
Comptable général;Galliance;Ancenis-Saint-Géréon;44;CDI;32000.0
Comptable responsable portefeuille clients;TYLS Conseil;Coutances;50;CDI;
Concepteur vendeur;Cuisinella;Saint-Ouen-sur-Seine;93;CDI;50000.0
Concepteur vendeur;Cuisinella;Lannion;22;CDI;40000.0
Conducteur de car scolaire;Hervouet France;Les Herbiers;85;CDI;91002.0
Conducteur de grue mobile;Saint Yves Services;Saint-Thurial;35;CDI;45501.0
Conducteur de grue mobile 70t /f;Foselev;Gilly-sur-Isère;73;CDI;
Conducteur de ligne fabrication;Europe Snacks;La Séguinière;49;CDI;25200.0
Conducteur de lignes injectables répartition;Vetoquinol;Magny-Vernois;70;CDI;
Conducteur de machine 2x8 ou nuit;Oberthur fiduciaire;Chantepie;35;CDI;30000.0
Conducteur de train fret en formation;Gcatrans;Lyon;69;CDI;
Conducteur de travaux cvc;VINCI Energies France Infras Sud Ouest Antilles Guyane;Le Lamentin;972;CDI;42000.0
Conducteur de travaux électricité industrielle;SPIE Industrie;Le Rheu;35;CDI;
Conducteur de travaux électricité industrielle;SPIE Industrie;Nantes;44;CDI;
Conducteur de travaux en arrosage automatique et fontainerie;Groupe OSMAIA;Carrières-sur-Seine;78;CDI;
Conducteur de travaux métallerie serrurerie;Artus Recrutements;Orléans;45;CDI;48000.0
Conducteur d'installations;SUEZ;Carrières-sur-Seine;78;CDI;
Conducteur pl activité bouteilles de gaz fouvet mercier;Fouvet Mercier;Saint-Égrève;38;CDI;
Conducteur spl régional;Grisot Services;Le Faouët;56;CDI;50961.12
Conducteur spl zone courte;Grisot Services;Le Mené;22;CDI;50961.12
Conductrice ou conducteur de travaux datacenter;Circet;Palaiseau;91;CDI;
Conductrice ou conducteur de travaux raccordement client d/f;Circet;Colomiers;31;CDI;
Conseiller client automobile carrosserie;Volkswagen;Albertville;73;CDI;33600.0
Conseiller clientèle trilingue anglais portugais;Jobmania;Paris;75;CDI;25700.0
Conseiller commercial;Maximo;Semoy;45;CDI;45000.0
Conseiller commercial;Würth France;Essonne;91;CDI;
Conseiller commercial;Würth France;Rambouillet;78;CDI;
Conseiller commercial;Würth France;Vitry-sur-Seine;94;CDI;
Conseiller commercial;Groupama Centre Manche;Le Mans;72;CDI;
Conseiller commercial;Maximo;Sarralbe;57;CDI;45000.0
Conseiller commercial assurance marché agricole guise;Groupama Nord Est;Guise;2;CDI;
Conseiller commercial assurance marché des particuliers guise;Groupama Nord Est;Guise;2;CDI;
Conseiller commercial en prêts immobiliers gap;La Centrale de Financement;Gap;5;CDI;
Conseiller commercial securite;Nexecur;Annecy;74;CDI;
Conseiller commercial véhicules neufs audi;Audi;Annemasse;74;CDI;60000.0
Conseiller de clientèle nantes;Bouygues Telecom;Nantes;44;CDI;
Conseiller de vente;Happy Curl - La Boutique du Coiffeur;Rosny-sous-Bois;93;CDI;28560.0
Conseiller de vente;Brico Dépôt;Verniolle;9;CDI;
Conseiller de vente;Bouygues Telecom;Saint-Grégoire;35;CDI;
Conseiller de vente alimentaire;Auchan Retail France;Bouliac;33;CDI;24160.0
Conseiller de vente bordeaux ste catherine /f;Adopt';Bordeaux;33;CDI;
Conseiller de vente clisson /f;Pallard;Clisson;44;CDI;
Conseiller de vente en poissonnerie n/f;Auchan Retail France;Woippy;57;CDI;25050.0
Conseiller de vente poissonnerie;Auchan Retail France;Strasbourg;67;CDI;25050.0
Conseiller de vente polyvalent;Mr Bricolage;Tignieu-Jameyzieu;38;CDI;22800.0
Conseiller d'entreprise agricole;CERFRANCE DES SAVOIE;Haute-Savoie;74;CDI;
Conseiller d'entreprise agricole agronome;CERFRANCE DES SAVOIE;Auvergne-Rhône-Alpes;France;CDI;
Conseiller d'entreprise tpe pme expert comptable;CERFRANCE DES SAVOIE;Bonneville;74;CDI;
Conseiller en transaction de fonds de commerce;Blot;Brest;29;CDI;70000.0
Conseiller en transaction de fonds de commerce;Blot;Plabennec;29;CDI;70000.0
Conseiller en transaction de fonds de commerce;Blot;Saint-Renan;29;CDI;70000.0
Conseiller immobilier;Casavo;Palaiseau;91;CDI;
Conseiller immobilier;Casavo;Bry-sur-Marne;94;CDI;
Conseiller immobilier;Casavo;Saclay;91;CDI;
Conseiller immobilier;Casavo;Verrières-le-Buisson;91;CDI;
Conseiller immobilier;Casavo;Bièvres;91;CDI;
Conseiller·e de beauté boutique yves rocher /f;Yves Rocher;Drancy;93;CDI;
Conseiller·e de beauté boutique yves rocher la teste de buch;Yves Rocher;La Teste-de-Buch;33;CDI;
Conseiller·e de beauté esthéticien·ne boutique yves rocher;Yves Rocher;Lyon;69;CDI;
Conseiller·e de beauté esthéticien·ne boutique yves rocher vaulx en velin;Yves Rocher;Vaulx-en-Velin;69;CDI;
Consultant achats travaux senior;EPSA;Paris;75;CDI;
Consultant confirmé cloud toulouse;CNS Communications;Toulouse;31;CDI;
Consultant en charges sociales;EPSA;Lyon;69;CDI;
Consultant formateur gtp grands comptes idf;KELIO;Paris;75;CDI;
Consultant formateur logiciels sirh lille;KELIO;Lille;59;CDI;
Consultant immobilier salarié·e vrp;Foncia;Tours;37;CDI;
Contract manager;CBRE GWS FRANCE;Courbevoie;92;CDI;
Contract manager it;EPSA;Paris;75;CDI;
Contrôleur de gestion;Inconnu;Chartres;28;CDI;
Contrôleur de gestion commercial & marketing;Jacquet-Brossard - Groupe Limagrain;Paris;75;CDI;58000.0
Contrôleur de gestion exploitation;Brico Dépôt;Longpont-sur-Orge;91;CDI;
Contrôleur de gestion marchés et offre;Weldom S.A;Breuil-le-Sec;60;CDI;64000.0
Contrôleur de gestion social;Fnac Darty;Ivry-sur-Seine;94;CDI;
Controleur final;Safran;Colombes;92;CDI;
Contrôleur financier groupe;Groupe Duval;Rennes;35;CDI;75000.0
Controleur non destructif;Fives Groupe;Saint-Paul-lès-Durance;13;CDI;
Coordinateur environnement en;Sources Alma;Nord;59;CDI;40000.0
Coordinateur responsable de centre;CLINADENT;Marseille;13;CDI;40000.0
Coordinateur services généraux;Exoceth Consulting;Limoges;87;CDI;40000.0
Coordinateur technique projet;KALI Group;Aix-en-Provence;13;CDI;50000.0
Coordinateur·trice artworks en haute savoie;DELPHARM;Gaillard;74;CDI;
Coordinateur·trice transport;Veolia;Aubervilliers;93;CDI;
Coordonnateur sps;Socotec;Lyon;69;CDI;52000.0
Correspondant qhsse btp courcouronnes;SPIE Facilities;Évry-Courcouronnes;91;CDI;
Cuisinier;Sodexo;Vesoul;70;CDI;22800.0
Cuisinier;COMPASS GROUP;Noyal-Châtillon-sur-Seiche;35;CDI;
Cuisinier;Sodexo;Le Mans;72;CDI;24000.0
Cuisinier;acSent Sud-Ouest;Revel;31;CDI;
Cuisinier en ehpad;Sodexo;Lormont;33;CDI;23400.0
Délégué pharmaceutique lyon /f;Lactalis;Lyon;69;CDI;
Développeur full stack;CT Infodream;Aix-les-Bains;73;CDI;40000.0
Développeur ia;Docaposte;Rennes;35;CDI;
Diagnostiqueur amiante datr;Bureau Veritas;Charleville-Mézières;8;CDI;34000.0
Directeur achats groupe & filiales;Groupe Trouillet;Puget-sur-Argens;83;CDI;75000.0
Directeur copropriété;Foncia;Saint-Maur-des-Fossés;94;CDI;
Directeur d'agence;Desenfans;Cambrai;59;CDI;
Directeur d'agence collecte de déchets industriels;Paprec;Plouigneau;29;CDI;
Directeur de projets industriels;Fives Groupe;Maisons-Alfort;94;CDI;
Directeur d'etablissement;Maximo;Pers-Jussy;74;CDI;65000.0
Directeur général directeur d'agence;Avipur;Gueux;51;CDI;
Directeur hypermarché;Auchan Retail France;Lyon;69;CDI;85800.0
Directeur projet;SPIE BATIGNOLLES;Nanterre;92;CDI;
Educateur de jeunes enfants multisites en micro crèche hem;Rigolo comme la vie;Nord;59;CDI;24600.0
Éducateur spécialisé;ARI - Association régionale pour l'intégration;Marseille;13;CDI;42000.0
Électricien;ALLEZ Energies – Groupe ALLEZ;Figeac;46;CDI;
Electricien courants faibles monteur câbleur;SNEF;Rungis;94;CDI;
Electricien dampierre;SPIE Nucléaire;Centre-Val de Loire;France;CDI;
Electricien polyvalent;Portakabin;Champdeuil;77;CDI;26400.0
Electromecanicien;SNEF;Moirans;38;CDI;
Electromécanicien;Sources Alma;Mérignies;59;CDI;
Electromécanicien;Orano;La Hague;50;CDI;
Électromécanicien;SARP;Les Garennes sur Loire;49;CDI;
Électromécanicien;Veolia;Trappes;78;CDI;28800.0
Electromécanicien dépanneur technicien sav;Saint Yves Services;Saint-Brieuc;22;CDI;36000.0
Electromécanicien dépanneur technicien sav;Saint Yves Services;Rennes;35;CDI;36000.0
Electromécanicien dépanneur technicien sav;Saint Yves Services;Aigné;72;CDI;36000.0
Employé de couvoir;Groupe Grimaud;Meslay-du-Maine;53;CDI;160163.52
Employé de magasin;Action France;Saint-Agathon;22;CDI;22164.0
Employé de magasin;Action France;Cholet;49;CDI;22164.0
Employé de magasin;Action France;Muzillac;56;CDI;22164.0
Employé de maison à rezé;O2;Rezé;44;CDI;74621.64
Employé de maison de à par semaine secteur carlux;O2;Sarlat-la-Canéda;24;CDI;
Employé de maison de à par semaine secteur marquay;O2;Sarlat-la-Canéda;24;CDI;
Employé de maison de à sem secteur cenac et saint julien;O2;Sarlat-la-Canéda;24;CDI;
Employé de ménage ambérieu en bugey;O2;Ambérieu-en-Bugey;1;CDI;91002.0
Employé de ménage repassage;O2;Aixe-sur-Vienne;87;CDI;91002.0
Employé de ménage repassage;O2;Lure;70;CDI;38220.84
Employé de ménage repassage;O2;Cognac;16;CDI;94642.08
Employé de ménage repassage plelan le grand;O2;Plélan-le-Grand;35;CDI;21840.48
Employé de ménage repassage trets et alentours;O2;Aix-en-Provence;13;CDI;23660.52
Employé de restauration;acSent Sud-Ouest;Carbonne;31;CDI;
Employé d'immeubles belleville en beaujolais;Groupe Deux Fleuves;Belleville-en-Beaujolais;69;CDI;
Employé production;Dachser France;Wissous;91;CDI;
Employé qualifié logistique magasin;Auchan Retail France;Dury;80;CDI;24160.0
Employé qualifié logistique magasin;Auchan Retail France;Caluire-et-Cuire;69;CDI;24947.0
Equipier magasin;Auchan Retail France;Saint-Jean-de-la-Ruelle;45;CDI;24160.0
Equipier magasin n2 caisse /f;Auchan Retail France;Saint-Cyr-sur-Loire;37;CDI;24160.0
Equipier snacking;Boulangerie  Ange;Bourgoin-Jallieu;38;CDI;
Estimateur confirmé;Orano;Montigny-le-Bretonneux;78;CDI;
Expert cash management;Arkea Banque Entreprises et Institutionnels;Paris;75;CDI;
Expert comptable conseiller d'entreprise tpe pme;CERFRANCE DES SAVOIE;France;France;CDI;
Expert comptable stagiaire;Cogeparc;Lyon;69;CDI;40000.0
Expert experte infrastructures ip & télécoms ucc;SPIE ICS;Marseille;13;CDI;45000.0
Expert produit souscripteur immeuble;Axeria iard;Lyon;69;CDI;
Exploitant recruteur;GS Consultants;Nancy;54;CDI;
Exploitant transport;Hedis;Saint-Alban;31;CDI;
Exploitant transport agent exploitation;Envoyé Spécial;Le Meux;60;CDI;
Femme homme de ménage énin beaumont;O2;Carvin;62;CDI;
Formateur ambulancier;Aftral;Dijon;21;CDI;39000.0
Frigoriste;Petit Forestier Group;Spicheren;57;CDI;
Futur directeur de magasin;BUT;Vendenheim;67;CDI;
Garde d'enfants;O2;Paris;75;CDI;18200.4
Garde d'enfants à domicile;Nounou Adom;Voutré;53;CDI;
Garde d'enfants à domicile;O2;Arles;13;CDI;94642.08
Garde d'enfants à domicile;O2;Drancy;93;CDI;94642.08
Garde d'enfants à domicile + 3ans paris 20e;O2;Paris;75;CDI;74621.64
Garde d'enfants à domicile à paris 14 & /f;O2;Paris;75;CDI;74621.64
Garde d'enfants à domicile dans les weppes;O2;Haubourdin;59;CDI;23660.52
Garde d'enfants à domicile paris 13e et 5e .;O2;Paris;75;CDI;94642.08
Garde d'enfants à pornic;O2;Pornic;44;CDI;165623.64
Garde d'enfants énin beaumont;O2;Carvin;62;CDI;160163.52
Garde d'enfants secteur pontcharra et alentours;O2;Pontcharra;38;CDI;94642.08
Gestionnaire appels d'offres et consultations;Kone;Trappes;78;CDI;
Gestionnaire applicatif it erp;Banana Moon;Nice;6;CDI;30720.0
Gestionnaire attributions de logement social;Habitat 77;Melun;77;CDI;30000.0
Gestionnaire confirmé centre de gestion;3C.;Bihorel;76;CDI;27000.0
Gestionnaire de site maintenance;SNEF;Paris;75;CDI;40000.0
Gestionnaire de stocks;Dalkia Air Solutions;Saint-Priest;69;CDI;30000.0
Gestionnaire des opérations de transport;Mauffrey;Saint-Jean-d'Illac;33;CDI;
Gestionnaire frais de sante;DIOT-SIACI;Clichy;92;CDI;28000.0
Gestionnaire production iard;DIOT-SIACI;Paris;75;CDI;36000.0
Gestionnaire technique logements vacants travaux rapides vtr;Lille Métropole Habitat;Tourcoing;59;CDI;42000.0
Gouvernant à calais;O2;Calais;62;CDI;74621.64
Groupe etpo chargé d'affaires;SPIE BATIGNOLLES;Saint-Herblain;44;CDI;
Groupe etpo conducteur travaux confirmé;SPIE BATIGNOLLES;Saint-Herblain;44;CDI;
Hôte hôtesse d'accueil maison de luxe semaine;DSD Organisation;Paris;75;CDI;25480.56
Hôtesse d'accueil + heure supp bilingue;DSD Organisation;Paris;75;CDI;29100.0
Infirmier ou technicien de laboratoire;Groupe Cerba Healthcare;Gironde;33;CDI;
Ingénieur appui maintenance;Cyclife France;Codolet;30;CDI;
Ingénieur automaticien;Dalkia Air Solutions;Saint-Priest;69;CDI;
Ingénieur automatisme projet pérennité;Orano;La Hague;50;CDI;
Ingénieur avant vente électronique;Cotral Lab;Melun;77;CDI;
Ingénieur calcul mécanique;Orano;Aix-en-Provence;13;CDI;
Ingénieur calcul mécanique confirmé;Orano;Aix-en-Provence;13;CDI;
Ingénieur commercial;Timcod;Élancourt;78;CDI;60000.0
Ingénieur commercial ascensoriste;NSA;Cagnes-sur-Mer - Nice;6;CDI;42000.0
Ingénieur commercial diagnostic de laboratoire lyon;Siemens Healthineers;Courbevoie;92;CDI;
Ingénieur commercial expert en systèmes de sécurité incendie;Chubb;Les Ulis;91;CDI;48000.0
Ingénieur commercial ssi;Chubb;Chambéry;73;CDI;55000.0
Ingénieur conception mécanique;Arkadia Group;Bagnols-sur-Cèze;30;CDI;45000.0
Ingénieur contrôle technique construction;Alpes Contrôles;Lyon;69;CDI;50000.0
Ingénieur contrôle technique construction;Bureau Veritas;Le Havre;76;CDI;45000.0
Ingénieur d'affaires b2b dpt 10 /f;Anaveo;Aube;Haute-Marne;CDI;50000.0
Ingénieur d'affaires business developer;EPSA;Lyon;69;CDI;
Ingénieur d'affaires expérimenté;Veolia Eau;Mauguio;34;CDI;
Ingénieur de projet moe hydraulique urbaine;SUEZ;Fleury-les-Aubrais;45;CDI;
Ingénieur d'etudes courant faible;Assystem;Saint-Paul-lès-Durance;13;CDI;
Ingénieur en automatisme;NGEN;Nord;59;CDI;47250.0
Ingénieur étude de prix;SPIE BATIGNOLLES;Dardilly;69;CDI;
Ingénieur ingénieure infrastructures ucc cisco grenoble lyon toulouse nîmes;SPIE ICS;Lyon;69;CDI;
Ingénieur intégration linux;VIF;La Chapelle-sur-Erdre;44;CDI;40000.0
Ingénieur mécanicien fiabiliste;Amanora Technologies;Creil;60;CDI;
Ingénieur mécanique;ACEPP;Pierrelatte;26;CDI;
Ingénieur mécanique nucléaire;KALI Group;Romans-sur-Isère;26;CDI;50000.0
Ingénieur prévention des risques;SUEZ;Saint-Étienne;42;CDI;
Ingénieur prompt ia & spécialiste rag senior brest;Mosica;Brest;29;CDI;50000.0
Ingénieur qualité;Maison Charles Perroud;Rhône;69;CDI;
Ingénieur qualité documentaire nucléaire;NGEN;Nord;59;CDI;42000.0
Ingénieur systeme contrôle moteur fadec;CT Ingénierie Toulouse;Colomiers;31;CDI;45000.0
Ingénieur système de management intégré;Orano;Valognes;50;CDI;
Ingénieur systèmes réseaux cyber;TEAM Y;La Roche-sur-Yon;85;CDI;50000.0
Ingénieur·e cem confirmé·e;Safran;Éragny;95;CDI;
Ingénieur·e méthodes;Safran;Nexon;87;CDI;
Inspecteur cee electricité;Bureau Veritas;Clermont-Ferrand;63;CDI;31000.0
Inspecteur·trice de fabrication;Safran;Corbeil-Essonnes;91;CDI;
Installateur plombier chauffagiste;Proxiserve;Amiens;80;CDI;
Instructeur d'atelier workshop instructor m;Safran;Montereau-sur-le-Jard;77;CDI;
Jardinier paysagiste;Adonis Paysages;Vallauris;6;CDI;36000.0
Jardinier paysagiste à le mans sud et ses alentours;O2;Le Mans;72;CDI;26316.0
Jardinier paysagiste à saint etienne;O2;Saint-Étienne;42;CDI;26316.0
Juriste confirmé assurance iard;Ifpass;Paris;75;CDI;
Juriste construction rc rd;MAF - Mutuelle des Architectes Français;Paris;75;CDI;
Juriste droit immobilier droit des affaires;Transgourmet;Val-de-Marne;94;CDI;
Juriste droit privé;Veolia;Aubervilliers;93;CDI;
Key buisness manager;DV Group;Lyon;69;CDI;
Lead etudes installation generale /f;Foselev;Vénissieux;69;CDI;
Linger;AD3;La Ravoire;73;CDI;
Magasinier;BUT;Puilboreau;17;CDI;
Magasinier;H-Tube;Domérat;3;CDI;
Magasinier;Saint Maclou;Saint-Malo;35;CDI;25500.0
Magasinier;Orygamy;Saint-Nazaire;44;CDI;26000.0
Manager chantier service ascensoriste;NSA;Cagnes-sur-Mer;6;CDI;
Manager chef de groupe paie grh;CERFRANCE DES SAVOIE;Chambéry;73;CDI;
Manager commerce fruits & légumes;Auchan Retail France;Semécourt;57;CDI;42000.0
Manager commerce pâtisserie;Auchan Retail France;Bordeaux;33;CDI;42000.0
Manager de magasin en pièces détachées automobile;Barrault;Dunkerque;59;CDI;33600.0
Manager de rayons frais ou pgc;Auchan Retail France;Autingues;62;CDI;38000.0
Manager de restaurant;COMPASS GROUP;Paris;75;CDI;
Manager des ventes;Mr Bricolage;Nice;6;CDI;
Manager des ventes;Mr Bricolage;Beaulieu-sur-Mer;6;CDI;
Manager inside sales representative;ePackPro;Gouesnou;29;CDI;
Manager opérationnel cvc et électricité secteur santé;Dalkia;Créteil;94;CDI;
Manager paie;TYLS Conseil;Lunéville;54;CDI;
Manager relation client;Auchan Retail France;La Seyne-sur-Mer;83;CDI;32500.0
Manager valorisation data & ia;MGEN;Paris;75;CDI;
Manutentionnaire;Saint Yves Services;Saint-Thurial;35;CDI;23660.52
Manutentionnaire grenailleur;Saint Yves Services;Saint-Thurial;35;CDI;23660.52
Manutentionnaire production;Groupe Perin;Saint-Maudez;22;CDI;23940.0
Mécanicien;Petit Forestier Group;Rouen;76;CDI;
Mecanicien aeronautique marignane;Derichebourg Aeronautics Services;Marignane;13;CDI;
Mécanicien auto expert;Feu vert;Brignoles;83;CDI;
Mécanicien automobile;Feu Vert;Vannes;56;CDI;30000.0
Mécanicien automobile;Volkswagen;Saumur;49;CDI;
Mécanicien automobile;SEAT;Tarbes;65;CDI;31200.0
Mecanicien de tp itinerant;Bergerat Monnoyeur;Vénissieux;69;CDI;
Mécanicien machines tournantes;SPIE Nucléaire;Civaux;86;CDI;
Mécanicien mécanicienne automobile;Norauto;Vigneux-sur-Seine;91;CDI;33600.0
Mécanicien mécanicienne automobile blois;Norauto;Villebarou;41;CDI;
Mécanicien pl;Groupe Trouillet;Morangis;91;CDI;36000.0
Mécanicien poids lourd;Veolia;Ecquevilly;78;CDI;28800.0
Mécanicien t.d.a. automobile;Alteam;Sablé-sur-Sarthe;72;CDI;33600.0
Métrologue tridimensionnel;ITRON HOLDING FRANCE;Massy;91;CDI;42000.0
Metteur au point aéronautique;Safran;Colomiers;31;CDI;
Metteur au point ascensoriste;NSA;Créteil;94;CDI;33600.0
Metteur·se en route unités mobiles de traitement d'eau europe;Veolia Water Technologies;Vaulx-en-Velin;69;CDI;
Moniteur auto école groupe lourds aubrac;Aftral;Saint-Chély-d'Aubrac;12;CDI;32000.0
Monteur cvc secteur loire haute loire;Dalkia;Saint-Étienne;42;CDI;
Monteur de grues;Saint Yves Services;Rouen;76;CDI;36000.0
Monteur de grues;Saint Yves Services;Nantes;44;CDI;36000.0
Monteur réseaux extérieurs aérien pamiers;SPIE CityNetworks;Pamiers;9;CDI;
Operateur de production;DelTech;Roubaix;59;CDI;26000.0
Opérateur de production dans l'alimentaire;Pain de Belledonne;La Croix-de-la-Rochette;73;CDI;85541.88
Opérateur sécurité sol attx;ETF;Beauchamp;95;CDI;34000.0
Opérateur usine d'enrobés;EUROVIA Délégation Centre-Ouest;Quimper;29;CDI;34000.0
Opticien bts ou niveau bts optique;Inconnu;Livry-Gargan;93;CDI;38400.0
Opticien bts ou niveau bts optique;Inconnu;Chennevières-sur-Marne;94;CDI;38400.0
Opticien diplômé franchise;Alain Afflelou;Vence;6;CDI;
Opticien diplômé franchise;Alain Afflelou;Saintes;17;CDI;
Opticien diplômé franchise;Alain Afflelou;Montigny-le-Bretonneux;78;CDI;
Parqueteur;Saint Maclou;La Balme-de-Sillingy;74;CDI;35000.0
Pâtissier;Auchan Retail France;Epagny Metz-Tessy;74;CDI;27010.0
Pâtissier;Api Restauration;Lille;59;CDI;26400.0
Pilote de lot réalisation maitrise d'oeuvre chantier;Orano;Tricastin;26;CDI;
Pilote de process contrat facturation;Petit Forestier Group;Villepinte;93;CDI;
Pilote stratégie déchets;Orano;Pierrelatte;26;CDI;
Plombier;Proxiserve;Villepinte;93;CDI;28800.0
Plombier chauffagiste;SNEF;Brest;29;CDI;32400.0
Plombier chauffagiste;Vinci Energies France Tertiaire Grand Ouest;Pacé;35;CDI;34000.0
Plongeur en restauration;Vocation Recrutement;Saint-Marcellin;38;CDI;23660.52
Poissonnier;Auchan Retail France;Strasbourg;67;CDI;23000.0
Poseur publicitaire assembleur monteur;Groupe Trouillet;Neuville-aux-Bois;45;CDI;91002.0
Poseur souffleur en isolation;Eurocombles by OPNR;Lyon;69;CDI;
Préparateur livreur de commandes mougins;Refectory;Mougins;6;CDI;21621.0
Préparateur livreur de commandes toulouse;Refectory;Plaisance-du-Touch;31;CDI;21621.0
Préparateur méthodes electricité;Assystem;Cherbourg-en-Cotentin;50;CDI;
Préparateur méthodes en electricité gravelines;SPIE Nucléaire;Hauts-de-France;France;CDI;
Préventeur chantier téléphonie;Bureau Veritas;Nantes;44;CDI;36000.0
Préventeur chantiers téléphonie;Bureau Veritas;Caen;14;CDI;36000.0
Prévisionniste pièces de remplacement;Safran;Magny-les-Hameaux;78;CDI;
Projeteur conception aubes de turbine;Safran;Colombes;92;CDI;
Projeteur électricité tertiaire grands projets /f;Groupe Fauché;Villiers-sur-Marne;94;CDI;
Psychomotricien vanille;People&Baby;Biot;6;CDI;
Réceptionnaire atelier;JantesAluServices;Beaucouzé;49;CDI;
Réceptionniste de nuit samedi et dimanche soir uniquement;France Hospitality Investment;Antibes;6;CDI;
Réceptionniste multisites;Adagio Aparthotel;Paris;75;CDI;
Référent technique cvc froid;Veolia Energie et Performance;Châtenois;67;CDI;
Référent technique cvc perpignan;Dalkia;Perpignan;66;CDI;
Regional facilities manager;CBRE GWS FRANCE;Paris;75;CDI;68000.0
Réparateur portes automatiques;Kone;Cesson-Sévigné;35;CDI;
Responsable adjoint;Pierre Hermé Paris;Paris;75;CDI;31200.0
Responsable adjoint de magasin;Action France;Dol-de-Bretagne;35;CDI;
Responsable adjoint de magasin;Action France;Vigneux-sur-Seine;91;CDI;
Responsable atelier;Norauto;Bourg-en-Bresse;1;CDI;
Responsable charcuterie traiteur;Allia Intérim Rennes GMS;Noyal-sur-Vilaine;35;CDI;
Responsable cnd niveau /f;Safran;Évry-Courcouronnes;91;CDI;
Responsable commerce;Feu Vert;Bron;69;CDI;36000.0
Responsable cuisine centrale cadre;acSent Sud-Ouest;Saint-Gaudens;31;CDI;
Responsable d'affaires;OMEXOM - Lesens Actéa;Bordeaux;33;CDI;49000.0
Responsable d'affaires cvc;SPIE Building Solutions;Nantes;44;CDI;
Responsable d'affaires electricité tertiaire;VINCI Energies France Tertiaire Nord Est;Nancy;54;CDI;49000.0
Responsable d'agence;Sygmatel;Bressuire;79;CDI;55000.0
Responsable de magasin de producteurs;Terres Lyonnaises;Lyon;69;CDI;30000.0
Responsable de plateforme production;Epalia;Décines-Charpieu;69;CDI;32000.0
Responsable de prestation externalisée qualité;Kasadenn;Nantes;44;CDI;
Responsable de production;Elivia;Le Lion-d'Angers;49;CDI;
Responsable de production en cuisine centrale;Sodexo;Cherves-Richemont;16;CDI;32400.0
Responsable de secteur;Inconnu;Bordeaux;33;CDI;
Responsable de secteur;O2;Paris;75;CDI;27000.0
Responsable de secteur département /f;Groupe La Centrale;Lyon;69;CDI;
Responsable de secteur gms univers de l'épicerie sucrée;Palmer;Lille;59;CDI;45000.0
Responsable de secteur tbr nord;Bridgestone;Hauts-de-France;France;CDI;
Responsable de site·s;Onet Propreté et Services;Paris;75;CDI;
Responsable d'entrepôt logistique rouen;Refectory;Rouen;76;CDI;33000.0
Responsable développement commercial;Onet Technologies;France;France;CDI;
Responsable développement commercial services énergétiques;Dalkia;Villeurbanne;69;CDI;
Responsable d'exploitation kiloutou module montmirail;Kiloutou;Montmirail;51;CDI;
Responsable d'exploitation traitement d'eau industriel région alsace;Veolia Water Technologies;Mulhouse;68;CDI;
Responsable du pôle projets industriels;Safran;Auxerre;89;CDI;
Responsable e commerce;Adopt';Paris;75;CDI;
Responsable erp;Inconnu;Lyon;69;CDI;
Responsable études de prix;SPIE BATIGNOLLES;Launaguet;31;CDI;
Responsable etudes techniques automatisme marseille;SPIE Nucléaire;Marseille;13;CDI;
Responsable fonctionnel sap;Safran;Gonfreville-l'Orcher;76;CDI;
Responsable grands projets tertiaires cfo cfa lyon;SNEF;Bron;69;CDI;
Responsable hygiène multi sites;Cité marine;Kervignac;56;CDI;
Responsable infra et hsct;EPIDE - Etablissement Pour l’Insertion Dans l’Emploi;France;France;CDI;33792.0
Responsable m&a et suivi de participations;MAIF;Paris;75;CDI;
Responsable maintenance;Auchan Retail France;Schweighouse-sur-Moder;67;CDI;44200.0
Responsable maintenance;Auchan Retail France;Arras;62;CDI;44200.0
Responsable maintenance process bayeux /f;Lactalis;Bayeux;14;CDI;
Responsable planification & ordonnancement en;Groupe Siat;Bas-Rhin;67;CDI;80000.0
Responsable produit mobilité;Arche MC2;Aix-en-Provence;13;CDI;65000.0
Responsable produit mobilité;Arche MC2;Paris;75;CDI;65000.0
Responsable qse agroalimentaire;Onet Propreté et Services;Lorient;56;CDI;
Responsable qualité opérationnel st paul trois châteaux /f;Lactalis;Saint-Paul-Trois-Châteaux;26;CDI;
Responsable réception logistique;Desenfans;Cambrai;59;CDI;
Responsable ressources humaines saint florent le vieil /f;Lactalis;Mauges-sur-Loire;49;CDI;
Responsable restauration;Azureva;Montricher-Albanne;73;CDI;27408.0
Responsable restauration collective;Vitalrest;Nantes;44;CDI;35388.0
Responsable salle d'exposition;Union Materiaux;Narbonne;11;CDI;33000.0
Responsable sanitaire carrelage;Partedis;Bordeaux;33;CDI;50000.0
Responsable sécurité site;Auchan Retail France;Beauvais;60;CDI;37700.0
Responsable services et expérience clients région;Foncia;Paris;75;CDI;
Responsable technique;VINCI Energies France Infras IdF Nord Est;Nanterre;92;CDI;
Responsable technique hôtelier;RÉSEAU TALENTS;Aix-en-Provence;13;CDI;42000.0
Runner;Sodexo;Montrouge;92;CDI;23400.0
Sales developer;EPSA;Lyon;69;CDI;
Sb construction régions conducteur de travaux principal;SPIE BATIGNOLLES;Château-Thierry;2;CDI;
Sb construction régions conducteur de travaux principal tmf;SPIE BATIGNOLLES;Calais;62;CDI;
Sb construction régions responsable commercial;SPIE BATIGNOLLES;Villers-lès-Nancy;54;CDI;
Sb constructionidf chargé d'études de prix sb idf;SPIE BATIGNOLLES;Arcueil;94;CDI;
Sb energie ingénieur études de prix cfo cfa;SPIE BATIGNOLLES;Lespinasse;31;CDI;
Sb tp chef d'application enrobés;SPIE BATIGNOLLES;Morestel;38;CDI;
Sb tp chef de chantier terrassement;SPIE BATIGNOLLES;Oudalle;76;CDI;
Sb tp chef de chantier vrd;SPIE BATIGNOLLES;Montauban;82;CDI;
Sb tp chef de chantier vrd;SPIE BATIGNOLLES;Rouen;76;CDI;
Sb tp conducteur de travaux demolition;SPIE BATIGNOLLES;Corneville-sur-Risle;27;CDI;
Sb tp conducteur de travaux terrassement;SPIE BATIGNOLLES;Saint-Paul-lès-Durance;13;CDI;
Sb tp conducteur de travaux vrd;SPIE BATIGNOLLES;Corneville-sur-Risle;27;CDI;
Sb tp conducteur de travaux vrd;SPIE BATIGNOLLES;Aurillac;15;CDI;
Sb tp ingénieur études de prix;SPIE BATIGNOLLES;Blanquefort;33;CDI;
Sb tp responsable d'atelier;SPIE BATIGNOLLES;Tourrettes;83;CDI;
Second de cuisine;acSent Sud-Ouest;Colomiers;31;CDI;
Second de cuisine;Inconnu;Muret;31;CDI;
Second de cuisine;acSent Sud-Ouest;Fonsorbes;31;CDI;
Second de cuisine;Sodexo;Paris;75;CDI;28800.0
Second de cuisine;Vitalrest;Paris;75;CDI;28224.0
Second de cuisine;Vitalrest;La Bastide-Clairence;64;CDI;
Second de cuisine;Sodexo;Villeneuve-le-Roi;94;CDI;28800.0
Second de cuisine;acSent Sud-Ouest;Toulouse;31;CDI;
Second de cuisine;acSent Sud-Ouest;Castelginest;31;CDI;
Software developer;RES France;Paris;75;CDI;
Software developer;RES France;Montpellier;34;CDI;
Software developer;RES France;Lyon;69;CDI;
Souscripteur bris de machines;Gan Assurances;Nanterre;92;CDI;
Spécialiste atelier mobile;Feu Vert;Rhône;69;CDI;26000.0
Spécialiste litige cash manager;Otis;Puteaux;92;CDI;40000.0
Superviseur mécanique structures projet industriel;Alierys;Chusclan;30;CDI;45000.0
Support aux ventes applied toulouse;Daikin;Toulouse;31;CDI;
Surveillant de travaux études techniques assainissement;Veolia Environnement;Fréjus;83;CDI;36000.0
Technicien;Acces Industrie;Thiant;59;CDI;30000.0
Technicien alarme;Securitas Technology;Valbonne;6;CDI;33600.0
Technicien bureau d'études;VINCI Energies France Infras Sud Ouest Antilles Guyane;Anglet;64;CDI;
Technicien conformité colis;Orano;Pierrelatte;26;CDI;
Technicien courants faibles;SPIE Building Solutions;Rennes;35;CDI;
Technicien de contrôle itinérant;Madic Group;Dijon;21;CDI;
Technicien de contrôle itinérant;Madic Group;Côte-d'Or;21;CDI;
Technicien de dépannages;Groupe Fauché;Rodez;12;CDI;
Technicien de laboratoire préleveur;Groupe Cerba Healthcare;Alpes-de-Haute-Provence;4;CDI;
Technicien de maintenance;Hexcel;Les Avenières Veyrins-Thuellin;38;CDI;
Technicien de maintenance;Würth France;Montélimar;26;CDI;
Technicien de maintenance;Anett;Troarn;14;CDI;
Technicien de maintenance;Anett;La Chaussée-Saint-Victor;41;CDI;30000.0
Technicien de maintenance;Vinci Energies France Industrie Normandie IDF;Caen;14;CDI;42000.0
Technicien de maintenance 2x8 « maison » ou nuit nouvelle équipe;Groupe Siat;Bas-Rhin;67;CDI;45000.0
Technicien de maintenance chauffage chaudière gaz rennes /f;Izi Confort;Rennes;35;CDI;
Technicien de maintenance confirmé;SDEZ;Bondues;59;CDI;35000.0
Technicien de maintenance cvc;Dalkia;Nice;6;CDI;
Technicien de maintenance cvc;Dalkia;Chalon-sur-Saône;71;CDI;
Technicien de maintenance cvc rennes;SPIE Facilities;Le Rheu;35;CDI;
Technicien de maintenance cvc site hospitalier;Dalkia;Lyon;69;CDI;
Technicien de maintenance électricité tertiaire;Côte;Lyon;69;CDI;91002.0
Technicien de maintenance electromecanicien industriel;SUEZ;Valserhône;1;CDI;
Technicien de maintenance industrielle;Fives Groupe;Colombes;92;CDI;
Technicien de maintenance itinérant région;RÉSEAU TALENTS;Nantes;44;CDI;55000.0
Technicien de maintenance metiers de bouche;Diadem;Avermes;3;CDI;
Technicien de maintenance secteur bretagne;Raja France;Rennes;35;CDI;
Technicien de maintenance sedentaire préparation de grue;Saint Yves Services;Plérin;22;CDI;91002.0
Technicien de maintenance traitement de l'eau saint maur /f;Veolia Water Technologies;Saint-Maur-des-Fossés;94;CDI;
Technicien de montage guyane;Otis;Île-de-France;Outre Mer;CDI;31200.0
Technicien de secteur eau;SUEZ;Chamonix-Mont-Blanc;74;CDI;
Technicien de transfert et manutention industrielle;Mainco;Saint-Paul-lès-Durance;13;CDI;
Technicien d'exploitation chauffage itinérant;RÉSEAU TALENTS;Paris;75;CDI;44000.0
Technicien d'exploitation chauffage itinérant 92 /f;RÉSEAU TALENTS;Clichy;92;CDI;44000.0
Technicien d'exploitation chauffagiste montmorency /f;CRAM;Montmorency;95;CDI;
Technicien d'exploitation cvc;Dalkia;Rosières-en-Santerre;80;CDI;
Technicien d'exploitation et de maintenance électrique 5x/f;Dalkia;Toulon;83;CDI;
Technicien d'intervention;Eneria;Montlhéry;91;CDI;
Technicien électricien;SPIE Industrie;Port-de-Bouc;13;CDI;30000.0
Technicien electricité;Bureau Veritas;Dijon;21;CDI;32000.0
Technicien electricité junior;Bureau Veritas;Boigny-sur-Bionne;45;CDI;32000.0
Technicien en électricité et irve;Sogetrel;Lognes;77;CDI;
Technicien etude de prix tce;NORD BTP;Prouvy;59;CDI;
Technicien expert en diagnostic automobile;Volkswagen Véhicules Utilitaires;Saint-Nazaire;44;CDI;
Technicien expert en diagnostic automobile;Volkswagen Véhicules Utilitaires;Saint-Herblain;44;CDI;
Technicien groupe électrogène mécanicien dieseliste;SPIE Facilities;Île-de-France;France;CDI;40000.0
Technicien ingénieur produit cam;TOPSOLID;Évry-Courcouronnes;91;CDI;
Technicien itinérant traitement de l'eau;John Cockerill;Mitry-Mory;77;CDI;34200.0
Technicien maintenance;NSA;Cannes;6;CDI;33600.0
Technicien maintenance;NSA;Nice;6;CDI;33600.0
Technicien maintenance;NSA;Bagnolet - Montreuil;93;CDI;34800.0
Technicien maintenance cvc;Viria;Caen;Cherbourg-en-Cotentin;CDI;36000.0
Technicien maintenance portes automatiques;Kone;Dijon;21;CDI;
Technicien métrologue;Chauvin Arnoux;Velaux;13;CDI;26400.0
Technicien métrologue;Trescal;Flamanville;50;CDI;29500.0
Technicien outillage;Inconnu;Vitré;35;CDI;26000.0
Technicien physique itinérant;Fichet Group;Clermont-Ferrand;63;CDI;
Technicien plateau technique;Groupe Cerba Healthcare;Calvados;14;CDI;
Technicien plateau technique;Groupe Cerba Healthcare;Eure;27;CDI;
Technicien process;Safran;Domérat;3;CDI;
Technicien respiratoire;SOS Oxygène;Le Raincy;93;CDI;
Technicien respiratoire;SOS Oxygène;Le Puy-en-Velay;43;CDI;
Technicien sav electroménager;Darty;France;France;CDI;
Technicien sav itinérant;Hedis;Nantes;44;CDI;
Technicien support n/f;Bouygues Telecom;Saône-et-Loire;71;CDI;
Technicien sûreté;Eryma Sas;Saint-Priest;69;CDI;
Technicien usine d'eau potable et assainissement;Veolia Eau;Sainte-Menehould;51;CDI;33100.0
Technicien·ne de maintenance cvc;Groupe Fauché;Carros;6;CDI;
Technicien·ne de maintenance dans le traitement de l'eau narbonne /f;Veolia Water Technologies;Narbonne;11;CDI;
Technicien·ne ite;Groupe OPNR;Mérignac;33;CDI;
Technicien·ne maintenance gaz iea sur site industriel saint martin de crau;NaTran;Saint-Martin-de-Crau;13;CDI;
Technicienne ou technicien branchement colonnes montantes;Circet;Bordeaux;33;CDI;
Technicienne ou technicien raccordement client d/f;Circet;Vichy;3;CDI;
Technicienne ou technicien raccordement client d/f;Circet;Clermont-Ferrand;63;CDI;
Technicienne ou technicien raccordement client d/f;Circet;Nîmes;30;CDI;
Technico commercial agence;C.B.I.;Arques;62;CDI;
Technico commercial en sécurité incendie ssi secteur picardie;Chubb;Amiens;80;CDI;
Technico commercial itinérant kiloutou module reims;Kiloutou;Reims;51;CDI;
Technico commercial matériel industriel agroalimentaire;JV la Française;Hauts-de-France;France;CDI;45000.0
Téléprospecteur sédentaire;Agence Formatio;Marseille;13;CDI;100800.0
Toiletteur multi magasins marseille et plan de campagne;Animalis;Marseille;13;CDI;
Tourneur conventionnel;Safran;Tarnos;40;CDI;
Travailleur social;COALLIA;Nanterre;92;CDI;
Urbaniste si data ia;Safran;Corbeil-Essonnes;91;CDI;
Vendeur;Boulangerie  Ange;Écully;69;CDI;
Vendeur;Boulangerie  Ange;Houdemont;54;CDI;
Vendeur;Boulangerie  Ange;Saint-Paul-lès-Dax;40;CDI;
Vendeur;Boulangerie  Ange;La Fare-les-Oliviers;13;CDI;
Vendeur;Chez Switch;Bourg-en-Bresse;1;CDI;40000.0
Vendeur;Morgan;Thoiry;1;CDI;
Vendeur /f;Boulangerie  Ange;Villefranche-sur-Saône;69;CDI;
Vendeur concepteur en aménagement intérieur;Mobalpa;Soissons;2;CDI;55000.0
Vendeur conseil secteur végétal extérieur;Groupe Poullain;Osny;95;CDI;
Vendeur en prêt à porter;Jack & Jones;Argenteuil;95;CDI;22200.0
Vendeur magasin;Libertium Ouest;Montreuil-Juigné;49;CDI;22800.0
Vendeur polyvalent;BUT;Marmande;47;CDI;
Vendeur polyvalent;Cerise et Potiron;Lyon;69;CDI;
Vendeur polyvalent;BUT;Oloron-Sainte-Marie;64;CDI;
Vendeur polyvalent;Primark;Noyelles-Godault;62;CDI;
Vendeur polyvalent 13.25;Naturalia France;Grenoble;38;CDI;
Vendeur polyvalent 13.25;Naturalia France;Paris;75;CDI;
Vendeur polyvalent 13.25;Naturalia France;Fontainebleau;77;CDI;
Vendeur vendeuse;Norauto;Tours;37;CDI;27300.0
Vendeur vendeuse comptoir de matériels et équipements;Trenois Decamps;Perpignan;66;CDI;28000.0
Verkäufer in m w d in voll teilzeit;Jacadi;Allemagne;France;CDI;28000.0
